{
  "title": "DCC Hubris Sheets",
  "description": "Hubris Sheets for Dungeon hubris Classics in FoundryVTT!",
  "version": "1.0.2",
  "esmodules": [
    "module/dcc-hubris-classes.js",
    "helpers/config.mjs"
  ],
  "styles": [
    "styles/hubris.css"
  ],
  "languages": [
    {
      "lang": "en",
      "name": "English",
      "path": "lang/en.json",
      "flags": {}
    }
  ],
  "url": "https://github.com/Nezzeraj/dcc-hubris-class-sheets",
  "manifest": "https://github.com/Nezzeraj/dcc-hubris-class-sheets/blob/main/module.json",
  "download": "https://github.com/Nezzeraj/dcc-hubris-class-sheets/main.zip",
  "license": "LICENSE.txt",
  "id": "dcc-hubris-classes",
  "authors": [
    {
      "name": "Christopher 'Nezzeraj' Rowe",
      "flags": {}
    }
  ],
  "compatibility": {
    "minimum": "11",
    "verified": "11"
  }
}
